Name	Class	rt.sd	rt
Unknown 1	Unknown	0.0036	19.513
Unknown 2	Unknown	0.0026	15.323
Unknown 3	Unknown	0.0033	13.965
Unknown 4	Unknown	0.0049	10.488
Unknown 5	Unknown	0.005	11.428
Unknown 6	Unknown	0.0037	13.262
Unknown 7	Unknown	0.0047	17.071
Unknown 8	Unknown	0.0039	19.044
Unknown 9	Unknown	0.0032	17.879
Unknown 10	Unknown	0.0046	17.181
Unknown 11	Unknown	0.004	13.327
